,True,117.214.159.193,190.92.179.35,/,"Mozilla/5.0 (X11; Linux x86_64) AppleWebKit/537.36 (KHTML, like Gecko) Chrome/103.0.5060.53 Safari/537.36"
True,IP:,"Mozilla/5.0 (X11; Linux x86_64) AppleWebKit/537.36 (KHTML, like Gecko) Chrome/103.0.5060.53 Safari/537.36",190.92.179.35,IPADDR:,HEADERS:,/,117.214.159.193,PATHNEXT:,VALID
117.214.159.193
198.96.155.3
35.233.62.116
103.131.71.101
114.119.134.51
95.142.195.130
114.119.134.48
114.119.129.167
95.142.195.131
66.249.77.106
95.142.197.5
114.119.134.155
95.142.195.130
66.249.77.104
95.142.198.143
34.147.78.116
34.147.78.116
95.142.198.143
95.142.198.132
52.188.206.150
54.236.1.13
95.142.198.143
192.34.84.8
95.142.197.129
66.249.77.104
95.142.196.136
95.142.198.150
176.53.217.100
95.142.197.5
95.142.196.23
95.142.198.150
66.249.77.106
95.142.198.146
66.249.77.104
95.142.198.3
95.142.196.132
95.142.197.5
51.222.253.20
95.142.198.3
95.142.196.23
34.147.118.212
34.147.118.212
66.249.77.104
114.119.134.182
95.142.198.143
95.142.195.130
192.34.84.8
95.142.196.132
93.158.91.180
95.142.196.132
193.37.32.71
193.37.32.71
66.249.77.102
95.142.195.130
66.249.77.102
95.142.198.3
95.142.197.4
95.142.198.129
95.142.196.137
95.142.198.131
35.185.241.102
95.142.195.130
66.249.77.104
66.249.77.106
95.142.198.138
66.249.77.104
8.26.176.181
8.26.176.181
192.241.221.237
95.142.196.137
95.142.197.8
34.91.9.87
34.91.9.87
95.142.196.13
95.142.197.8
95.142.198.146
66.249.77.106
66.249.77.104
95.142.195.130
95.142.198.129
95.142.198.129
138.201.80.43
95.142.198.3
192.34.84.8
95.142.198.129
66.249.77.102
95.142.198.132
95.142.198.132
95.142.198.138
95.142.198.131
54.236.1.13
95.142.198.143
95.142.196.137
185.7.214.104
66.249.77.104
66.249.77.104
95.142.198.150
95.142.198.132
35.247.92.91
95.142.198.3
95.142.198.132
35.204.163.53
35.204.163.53
95.142.197.4
66.249.77.106
95.142.197.5
95.142.196.23
35.194.93.63
95.142.197.129
95.142.198.143
95.142.196.132
95.142.195.130
192.34.84.8
95.142.198.150
66.249.77.106
95.142.198.150
95.142.195.131
95.142.198.132
95.142.198.137
20.125.139.53
95.142.196.137
95.142.198.146
66.249.77.102
66.249.77.104
95.142.198.138
207.246.113.16
95.142.198.129
185.220.100.241
95.142.197.129
167.99.70.99
167.99.70.99
95.142.198.146
95.142.197.4
66.249.77.122
95.142.198.143
66.249.77.124
95.142.195.130
185.45.195.67
95.142.198.146
35.204.162.237
35.204.162.237
95.142.198.150
95.142.195.130
95.142.197.4
95.142.198.132
95.142.196.23
95.142.196.137
54.236.1.13
51.222.253.8
95.142.195.131
66.249.77.104
192.34.84.8
95.142.195.130
95.142.196.137
35.184.24.2
184.105.139.70
95.142.197.5
66.249.77.106
185.7.214.104
20.226.38.179
20.226.38.179
95.142.197.129
66.249.77.106
95.142.198.132
95.142.197.129
95.142.196.13
95.142.195.131
157.40.99.131
3.231.119.47
95.142.198.129
51.222.253.20
66.249.77.126
95.142.198.143
95.142.197.5
34.141.254.147
34.141.254.147
95.142.198.3
66.249.77.126
95.142.198.143
159.223.44.150
95.142.195.130
35.164.202.122
42.83.147.34
95.142.198.131
95.142.198.131
66.249.77.106
20.222.209.6
20.222.209.6
192.34.84.8
95.142.198.3
95.142.196.132
95.142.197.8
95.142.198.137
95.142.198.137
95.142.197.5
5.45.207.90
5.255.253.162
95.142.198.137
95.142.197.8
34.91.169.7
34.91.169.7
95.142.197.129
95.142.196.137
71.6.232.7
66.249.77.104
95.142.198.132
95.142.198.132
66.249.77.104
95.142.196.136
95.142.197.5
95.142.198.132
66.249.77.102
206.189.34.20
206.189.34.20
95.142.198.138
103.131.71.191
95.142.196.13
86.93.211.69
95.142.198.3
66.249.77.102
95.142.196.132
66.249.77.102
95.142.195.131
192.34.84.8
95.142.198.129
95.142.198.129
95.142.196.23
95.142.198.129
66.249.77.104
95.142.197.8
66.249.77.104
35.204.150.150
35.204.150.150
95.142.195.130
34.88.58.163
95.142.195.131
95.142.198.138
95.142.196.23
144.217.71.170
66.249.77.102
95.142.198.138
95.142.198.143
95.142.198.146
95.142.198.138
95.142.198.129
54.236.1.13
95.142.196.132
35.245.188.175
95.142.198.131
34.148.72.12
66.249.77.104
95.142.198.138
95.142.196.13
192.34.84.8
95.142.197.8
95.142.195.130
34.91.28.28
34.91.28.28
95.142.196.136
66.249.77.104
95.142.198.131
95.142.196.137
95.142.198.132
35.233.62.116
95.142.198.3
114.119.134.49
95.142.198.143
114.119.134.48
95.142.195.130
114.119.134.3
114.119.129.237
95.142.198.3
66.249.77.104
95.142.198.3
95.142.196.137
95.142.198.137
95.142.195.131
95.142.198.131
95.142.198.138
66.249.77.106
66.249.77.102
95.142.197.4
95.142.196.23
35.245.188.175
20.213.51.37
35.185.241.102
89.104.100.36
95.142.196.13
34.141.233.22
34.141.233.22
95.142.197.8
192.34.84.8
95.142.195.131
178.32.197.86
95.142.196.136
66.249.77.104
95.142.198.138
35.245.188.175
95.142.198.132
95.142.196.136
95.142.198.143
95.142.195.130
66.249.77.106
95.142.197.129
66.249.77.102
95.142.196.23
162.55.86.60
95.142.198.150
95.142.196.136
95.142.198.131
95.142.198.129
154.6.130.144
20.226.38.179
20.226.38.179
51.222.253.4
95.142.198.146
95.142.198.3
51.254.49.107
66.249.77.102
95.142.197.5
34.91.103.9
34.91.103.9
95.142.198.132
95.142.196.132
66.33.200.4
95.142.196.23
35.194.93.63
192.34.84.8
95.142.197.129
95.142.198.131
198.235.24.146
35.194.93.63
66.249.77.102
95.142.198.129
95.142.195.130
95.142.197.129
95.142.196.13
192.241.214.230
95.142.198.143
178.128.207.83
178.128.207.83
95.142.196.13
95.142.196.23
66.249.77.104
95.142.198.150
95.142.198.138
95.142.196.23
34.147.121.9
34.147.121.9
95.142.196.137
66.249.77.104
95.142.198.3
205.210.31.159
66.249.77.102
95.142.196.13
95.142.195.130
192.34.84.8
95.142.198.132
193.201.9.12
95.142.198.146
95.142.198.132
91.198.115.10
66.249.77.102
66.249.77.104
95.142.197.8
95.142.196.132
95.142.198.138
95.142.196.23
45.12.25.255
95.142.195.131
95.142.198.143
95.142.198.3
66.249.77.106
95.142.196.136
95.142.198.137
34.91.25.88
34.91.25.88
154.89.5.218
95.142.198.3
167.94.138.60
95.142.197.5
138.201.80.43
66.249.77.102
95.142.198.138
95.142.196.13
192.34.84.8
95.142.198.132
95.142.196.136
194.5.82.86
194.5.82.86
95.142.198.146
74.82.47.5
185.7.214.104
95.142.195.130
66.249.77.106
167.172.74.27
167.172.74.27
95.142.198.3
95.142.198.143
95.142.198.137
65.154.226.169
95.142.195.130
95.142.195.131
95.142.195.131
66.249.77.102
95.142.195.130
34.90.222.26
34.90.222.26
54.236.1.13
95.142.198.131
162.210.196.100
95.142.197.4
51.222.253.15
95.142.196.137
66.249.77.106
66.249.77.106
95.142.196.23
95.142.196.23
159.223.91.177
95.142.196.137
192.34.84.8
95.142.198.150
95.142.198.137
95.142.195.130
94.26.228.245
95.142.198.129
66.249.65.78
95.142.195.131
198.235.24.154
95.142.197.129
13.65.28.202
34.70.43.210
95.142.197.5
117.214.153.103
95.142.196.132
95.142.197.8
66.249.65.78
51.254.199.11
95.142.196.13
95.142.196.13
66.249.65.76
95.142.195.130
110.89.4.234
95.142.195.130
141.8.142.85
95.142.198.131
95.142.196.13
95.142.196.136
66.249.65.76
95.142.196.13
167.248.133.62
167.248.133.62
192.34.84.8
95.142.196.23
35.204.20.19
35.204.20.19
51.222.253.19
35.185.241.102
83.226.8.90
95.142.196.136
108.59.8.70
95.142.195.131
95.142.196.23
66.249.65.76
95.142.198.137
95.142.198.3
20.222.209.6
20.222.209.6
95.142.196.137
95.142.195.130
95.142.198.143
66.249.65.76
87.250.224.146
95.142.197.8
66.249.65.78
95.142.198.129
95.142.198.132
95.142.196.132
95.142.195.131
66.249.65.76
35.194.93.63
95.142.198.146
35.245.188.175
52.80.82.121
95.142.198.137
34.91.176.212
34.91.176.212
95.142.198.143
167.94.138.44
167.94.138.44
95.142.198.3
20.222.195.40
95.142.196.137
95.142.198.137
192.34.84.8
95.142.196.137
95.142.196.137
95.142.197.5
95.142.198.143
180.149.125.166
95.142.198.131
95.142.198.131
66.249.65.74
66.249.65.76
95.142.198.137
95.142.198.138
95.142.195.130
95.142.198.131
95.142.197.129
95.142.198.131
95.142.198.137
66.249.65.76
34.147.52.95
34.147.52.95
95.142.195.130
95.142.196.136
147.235.195.242
95.142.198.3
35.245.188.175
95.142.197.129
95.142.196.132
66.249.65.78
65.154.226.169
104.197.69.115
95.142.198.129
54.236.1.11
35.185.241.102
20.113.26.150
95.142.198.137
192.34.84.8
35.233.62.116
95.142.198.143
95.142.196.136
20.127.243.153
20.127.243.153
114.119.134.48
114.119.134.48
95.142.196.137
114.119.129.25
66.249.65.74
114.119.133.236
66.240.236.116
95.142.196.23
95.141.193.250
95.142.197.129
192.64.84.94
95.142.197.5
95.142.196.136
95.142.198.3
34.90.98.5
34.90.98.5
95.142.198.132
66.249.65.76
95.142.198.137
95.142.198.143
95.142.197.129
35.245.188.175
95.142.198.143
89.104.101.234
95.142.196.132
95.142.198.150
66.249.65.76
66.249.65.78
95.142.198.132
95.142.196.137
185.7.214.104
95.142.196.23
95.142.198.138
192.34.84.8
95.142.196.23
95.142.196.132
192.64.84.94
66.249.65.76
95.142.196.23
95.142.196.13
20.5.8.62
20.5.8.62
95.142.196.13
66.249.65.74
95.142.197.8
34.147.28.205
34.147.28.205
100.21.13.48
95.142.197.4
95.142.195.131
66.249.65.78
95.142.196.23
95.142.195.130
66.249.65.76
95.142.197.5
95.142.198.132
95.142.198.146
51.222.253.8
95.142.198.131
95.142.196.136
95.142.196.132
66.249.65.74
95.142.197.4
192.34.84.8
95.142.198.131
192.241.221.13
95.142.198.143
95.142.195.131
95.163.255.147
95.142.196.132
34.147.17.205
34.147.17.205
95.142.198.3
95.142.197.4
66.249.65.78
95.142.198.129
34.127.97.68
95.142.198.129
5.255.253.162
8.26.182.26
209.141.35.128
205.185.122.184
95.142.198.132
95.142.198.143
95.142.197.129
66.249.65.78
95.142.196.136
95.142.196.23
66.249.65.78
95.142.198.150
95.142.195.130
95.142.198.143
117.214.156.83
95.142.198.129
117.214.156.83
95.142.198.146
117.214.156.83
66.249.65.76
78.128.113.170
95.142.196.13
117.214.156.83
192.34.84.8
223.225.162.24
66.249.65.74
95.142.195.130
117.214.156.83
95.142.197.8
127.0.0.1
127.0.0.1
127.0.0.1
127.0.0.1
127.0.0.1
127.0.0.1
127.0.0.1
127.0.0.1
127.0.0.1
127.0.0.1
127.0.0.1
127.0.0.1
127.0.0.1
127.0.0.1
127.0.0.1
127.0.0.1
127.0.0.1
127.0.0.1
127.0.0.1
127.0.0.1
127.0.0.1
127.0.0.1
127.0.0.1
127.0.0.1
127.0.0.1
127.0.0.1
127.0.0.1
127.0.0.1
127.0.0.1
127.0.0.1
127.0.0.1
127.0.0.1
127.0.0.1
127.0.0.1
127.0.0.1
127.0.0.1
127.0.0.1
127.0.0.1
127.0.0.1
127.0.0.1
127.0.0.1
127.0.0.1
127.0.0.1
127.0.0.1
127.0.0.1
127.0.0.1
127.0.0.1
127.0.0.1
127.0.0.1
127.0.0.1
